Gene,Coefficient,SOP,LoF,GoF,DN,Median Mut,Mean Mut
0,SCN1A,0.9,0.05,-,*,-,0.000000,0.000000
1,CSTB,0.1,0.05,*,-,-,0.000000,0.000000
2,ABAT,0.1,0.05,*,-,-,0.101351,0.103146
3,DNM1,0.1,0.15,*,-,-,0.073983,0.071948
4,SCN1B,1.0,0.05,-,*,-,0.000000,0.000000
5,PLCB1,1.0,0.05,*,-,-,0.000000,0.000000